"","vmu","vrisk","vmaxpercrisk","vmaxriskcontrib"
"1",0.00795621812695531,0.0360682467325036,0.468131614891248,0.0168846865891829
